Contig,Start,End,CNA_Label
chr1,1000001,2000000,NA
chr1,4000001,5000000,Loss
chr1,5000001,6000000,Loss
chr1,6000001,7000000,NA
chr1,7000001,8000000,Loss
chr1,8000001,9000000,Loss
chr1,9000001,10000000,Loss
chr1,10000001,11000000,Loss
chr1,11000001,12000000,NA
chr1,12000001,13000000,Loss
chr1,14000001,15000000,Loss
chr1,15000001,16000000,Loss
chr1,18000001,19000000,Loss
chr1,19000001,20000000,Loss
chr1,20000001,21000000,Loss
chr1,21000001,22000000,Loss
chr1,22000001,23000000,Loss
chr1,23000001,24000000,Loss
chr1,24000001,25000000,Loss
chr1,25000001,26000000,Loss
chr1,26000001,27000000,Loss
chr1,27000001,28000000,NA
chr1,28000001,29000000,Loss
chr1,30000001,31000000,NA
chr1,31000001,32000000,Loss
chr1,32000001,33000000,NA
chr1,33000001,34000000,Loss
chr1,34000001,35000000,Loss
chr1,35000001,36000000,Loss
chr1,36000001,37000000,NA
chr1,37000001,38000000,Loss
chr1,38000001,39000000,Loss
chr1,39000001,40000000,Loss
chr1,40000001,41000000,Loss
chr1,41000001,42000000,Loss
chr1,42000001,43000000,Loss
chr1,43000001,44000000,Loss
chr1,44000001,45000000,Loss
chr1,45000001,46000000,Loss
chr1,46000001,47000000,Loss
chr1,47000001,48000000,Loss
chr1,48000001,49000000,Loss
chr1,49000001,50000000,Loss
chr1,50000001,51000000,Loss
chr1,51000001,52000000,Loss
chr1,52000001,53000000,Loss
chr1,53000001,54000000,Loss
chr1,54000001,55000000,Loss
chr1,55000001,56000000,Loss
chr1,56000001,57000000,Loss
chr1,57000001,58000000,Loss
chr1,58000001,59000000,Loss
chr1,59000001,60000000,Loss
chr1,60000001,61000000,Loss
chr1,61000001,62000000,Loss
chr1,62000001,63000000,Loss
chr1,63000001,64000000,Loss
chr1,64000001,65000000,Loss
chr1,65000001,66000000,Loss
chr1,66000001,67000000,Loss
chr1,67000001,68000000,Loss
chr1,68000001,69000000,Loss
chr1,69000001,70000000,Loss
chr1,70000001,71000000,Loss
chr1,71000001,72000000,Loss
chr1,72000001,73000000,Loss
chr1,73000001,74000000,Loss
chr1,74000001,75000000,Loss
chr1,75000001,76000000,Loss
chr1,76000001,77000000,Loss
chr1,77000001,78000000,Loss
chr1,78000001,79000000,Loss
chr1,79000001,80000000,Loss
chr1,80000001,81000000,Loss
chr1,81000001,82000000,Loss
chr1,82000001,83000000,Loss
chr1,83000001,84000000,NA
chr1,84000001,85000000,Loss
chr1,85000001,86000000,Loss
chr1,86000001,87000000,Loss
chr1,87000001,88000000,Loss
chr1,88000001,89000000,Loss
chr1,89000001,90000000,Loss
chr1,90000001,91000000,Loss
chr1,91000001,92000000,Loss
chr1,92000001,93000000,Loss
chr1,93000001,94000000,Loss
chr1,94000001,95000000,Loss
chr1,95000001,96000000,Loss
chr1,96000001,97000000,Loss
chr1,97000001,98000000,Loss
chr1,98000001,99000000,Loss
chr1,99000001,100000000,Loss
chr1,100000001,101000000,Loss
chr1,101000001,102000000,Loss
chr1,102000001,103000000,Loss
chr1,104000001,105000000,NA
chr1,105000001,106000000,Loss
chr1,106000001,107000000,Loss
chr1,107000001,108000000,Loss
chr1,108000001,109000000,NA
chr1,109000001,110000000,Loss
chr1,110000001,111000000,NA
chr1,111000001,112000000,Loss
chr1,112000001,113000000,Loss
chr1,113000001,114000000,Loss
chr1,114000001,115000000,Loss
chr1,115000001,116000000,Loss
chr1,116000001,117000000,Loss
chr1,117000001,118000000,Loss
chr1,118000001,119000000,Loss
chr1,119000001,120000000,Loss
chr1,150000001,151000000,Loss
chr1,151000001,152000000,Loss
chr1,152000001,153000000,Loss
chr1,153000001,154000000,Loss
chr1,154000001,155000000,Neutral
chr1,155000001,156000000,Neutral
chr1,156000001,157000000,Neutral
chr1,157000001,158000000,Neutral
chr1,158000001,159000000,Neutral
chr1,159000001,160000000,Neutral
chr1,160000001,161000000,Neutral
chr1,161000001,162000000,NA
chr1,162000001,163000000,Neutral
chr1,163000001,164000000,Neutral
chr1,164000001,165000000,Neutral
chr1,165000001,166000000,Neutral
chr1,166000001,167000000,Neutral
chr1,167000001,168000000,Neutral
chr1,168000001,169000000,Neutral
chr1,169000001,170000000,Neutral
chr1,170000001,171000000,Neutral
chr1,171000001,172000000,Neutral
chr1,172000001,173000000,Neutral
chr1,173000001,174000000,Neutral
chr1,174000001,175000000,Neutral
chr1,175000001,176000000,Neutral
chr1,176000001,177000000,Neutral
chr1,177000001,178000000,Neutral
chr1,178000001,179000000,Neutral
chr1,179000001,180000000,Neutral
chr1,180000001,181000000,Neutral
chr1,181000001,182000000,Neutral
chr1,182000001,183000000,Neutral
chr1,183000001,184000000,Neutral
chr1,184000001,185000000,Neutral
chr1,185000001,186000000,Neutral
chr1,186000001,187000000,Neutral
chr1,187000001,188000000,Neutral
chr1,188000001,189000000,Neutral
chr1,189000001,190000000,NA
chr1,190000001,191000000,NA
chr1,191000001,192000000,Neutral
chr1,192000001,193000000,Neutral
chr1,193000001,194000000,Neutral
chr1,194000001,195000000,Neutral
chr1,195000001,196000000,Neutral
chr1,196000001,197000000,Neutral
chr1,197000001,198000000,Neutral
chr1,198000001,199000000,Neutral
chr1,199000001,200000000,Neutral
chr1,200000001,201000000,Neutral
chr1,201000001,202000000,Neutral
chr1,202000001,203000000,Neutral
chr1,203000001,204000000,Neutral
chr1,204000001,205000000,Neutral
chr1,205000001,206000000,NA
chr1,207000001,208000000,Neutral
chr1,208000001,209000000,Neutral
chr1,209000001,210000000,Neutral
chr1,210000001,211000000,Neutral
chr1,211000001,212000000,Neutral
chr1,212000001,213000000,Neutral
chr1,213000001,214000000,Neutral
chr1,214000001,215000000,Neutral
chr1,215000001,216000000,Neutral
chr1,216000001,217000000,Neutral
chr1,217000001,218000000,Neutral
chr1,218000001,219000000,Neutral
chr1,219000001,220000000,Neutral
chr1,220000001,221000000,Neutral
chr1,221000001,222000000,Neutral
chr1,222000001,223000000,Neutral
chr1,223000001,224000000,NA
chr1,224000001,225000000,NA
chr1,225000001,226000000,Neutral
chr1,226000001,227000000,Neutral
chr1,227000001,228000000,Neutral
chr1,228000001,229000000,NA
chr1,229000001,230000000,Neutral
chr1,230000001,231000000,Neutral
chr1,231000001,232000000,Neutral
chr1,232000001,233000000,Neutral
chr1,233000001,234000000,Neutral
chr1,234000001,235000000,Neutral
chr1,235000001,236000000,NA
chr1,236000001,237000000,Neutral
chr1,237000001,238000000,Neutral
chr1,238000001,239000000,Neutral
chr1,239000001,240000000,Neutral
chr1,240000001,241000000,Neutral
chr1,241000001,242000000,Neutral
chr1,242000001,243000000,Neutral
chr1,243000001,244000000,NA
chr1,244000001,245000000,Neutral
chr1,245000001,246000000,Neutral
chr1,246000001,247000000,Neutral
chr1,247000001,248000000,Neutral
chr2,1,1000000,NA
chr2,1000001,2000000,Neutral
chr2,2000001,3000000,Neutral
chr2,3000001,4000000,NA
chr2,4000001,5000000,Neutral
chr2,6000001,7000000,Neutral
chr2,7000001,8000000,Neutral
chr2,8000001,9000000,Neutral
chr2,9000001,10000000,Neutral
chr2,10000001,11000000,Neutral
chr2,11000001,12000000,Neutral
chr2,12000001,13000000,Neutral
chr2,13000001,14000000,Neutral
chr2,14000001,15000000,Neutral
chr2,15000001,16000000,Neutral
chr2,16000001,17000000,NA
chr2,17000001,18000000,Neutral
chr2,18000001,19000000,Neutral
chr2,19000001,20000000,Neutral
chr2,20000001,21000000,Neutral
chr2,21000001,22000000,NA
chr2,22000001,23000000,Neutral
chr2,23000001,24000000,Neutral
chr2,24000001,25000000,Neutral
chr2,25000001,26000000,Neutral
chr2,26000001,27000000,Neutral
chr2,27000001,28000000,Neutral
chr2,28000001,29000000,Neutral
chr2,29000001,30000000,Neutral
chr2,30000001,31000000,Neutral
chr2,31000001,32000000,NA
chr2,32000001,33000000,Neutral
chr2,33000001,34000000,NA
chr2,34000001,35000000,Neutral
chr2,35000001,36000000,Neutral
chr2,36000001,37000000,Neutral
chr2,37000001,38000000,Neutral
chr2,38000001,39000000,Neutral
chr2,39000001,40000000,Neutral
chr2,40000001,41000000,Neutral
chr2,41000001,42000000,Neutral
chr2,42000001,43000000,Neutral
chr2,43000001,44000000,Neutral
chr2,44000001,45000000,Neutral
chr2,45000001,46000000,Neutral
chr2,46000001,47000000,Neutral
chr2,47000001,48000000,Neutral
chr2,48000001,49000000,Neutral
chr2,49000001,50000000,Neutral
chr2,50000001,51000000,Neutral
chr2,51000001,52000000,Neutral
chr2,52000001,53000000,Neutral
chr2,53000001,54000000,Neutral
chr2,54000001,55000000,Neutral
chr2,55000001,56000000,Neutral
chr2,56000001,57000000,Neutral
chr2,57000001,58000000,Neutral
chr2,58000001,59000000,Neutral
chr2,59000001,60000000,Neutral
chr2,60000001,61000000,Neutral
chr2,61000001,62000000,Neutral
chr2,62000001,63000000,Neutral
chr2,63000001,64000000,Neutral
chr2,64000001,65000000,Neutral
chr2,65000001,66000000,Neutral
chr2,66000001,67000000,Neutral
chr2,67000001,68000000,Neutral
chr2,68000001,69000000,Neutral
chr2,69000001,70000000,Neutral
chr2,70000001,71000000,Neutral
chr2,71000001,72000000,Neutral
chr2,72000001,73000000,Neutral
chr2,73000001,74000000,Neutral
chr2,74000001,75000000,Neutral
chr2,75000001,76000000,Neutral
chr2,76000001,77000000,Neutral
chr2,77000001,78000000,Neutral
chr2,78000001,79000000,Neutral
chr2,79000001,80000000,Neutral
chr2,80000001,81000000,Neutral
chr2,81000001,82000000,Neutral
chr2,82000001,83000000,Neutral
chr2,83000001,84000000,Neutral
chr2,84000001,85000000,Neutral
chr2,85000001,86000000,Neutral
chr2,86000001,87000000,Neutral
chr2,99000001,100000000,Neutral
chr2,100000001,101000000,Neutral
chr2,101000001,102000000,Neutral
chr2,102000001,103000000,Neutral
chr2,103000001,104000000,Neutral
chr2,104000001,105000000,Neutral
chr2,105000001,106000000,Neutral
chr2,106000001,107000000,Neutral
chr2,107000001,108000000,Neutral
chr2,108000001,109000000,Neutral
chr2,109000001,110000000,Neutral
chr2,113000001,114000000,Neutral
chr2,115000001,116000000,Neutral
chr2,116000001,117000000,Neutral
chr2,117000001,118000000,Neutral
chr2,118000001,119000000,Neutral
chr2,119000001,120000000,Neutral
chr2,120000001,121000000,Neutral
chr2,121000001,122000000,Neutral
chr2,122000001,123000000,Neutral
chr2,123000001,124000000,Neutral
chr2,124000001,125000000,Neutral
chr2,125000001,126000000,Neutral
chr2,126000001,127000000,Neutral
chr2,127000001,128000000,Neutral
chr2,128000001,129000000,Neutral
chr2,129000001,130000000,Neutral
chr2,130000001,131000000,NA
chr2,134000001,135000000,Neutral
chr2,135000001,136000000,Neutral
chr2,136000001,137000000,Neutral
chr2,137000001,138000000,Neutral
chr2,138000001,139000000,Neutral
chr2,139000001,140000000,Neutral
chr2,140000001,141000000,Neutral
chr2,141000001,142000000,Neutral
chr2,142000001,143000000,Neutral
chr2,143000001,144000000,Neutral
chr2,144000001,145000000,Neutral
chr2,145000001,146000000,Neutral
chr2,146000001,147000000,Neutral
chr2,147000001,148000000,Neutral
chr2,148000001,149000000,Neutral
chr2,150000001,151000000,Neutral
chr2,151000001,152000000,Neutral
chr2,152000001,153000000,Neutral
chr2,153000001,154000000,Neutral
chr2,154000001,155000000,Neutral
chr2,155000001,156000000,Neutral
chr2,156000001,157000000,Neutral
chr2,157000001,158000000,Neutral
chr2,158000001,159000000,Neutral
chr2,159000001,160000000,Neutral
chr2,160000001,161000000,Neutral
chr2,161000001,162000000,Neutral
chr2,162000001,163000000,Neutral
chr2,163000001,164000000,Neutral
chr2,164000001,165000000,Neutral
chr2,165000001,166000000,Neutral
chr2,166000001,167000000,Neutral
chr2,167000001,168000000,Neutral
chr2,168000001,169000000,Neutral
chr2,169000001,170000000,Neutral
chr2,170000001,171000000,Neutral
chr2,171000001,172000000,Neutral
chr2,172000001,173000000,Neutral
chr2,173000001,174000000,Neutral
chr2,174000001,175000000,Neutral
chr2,175000001,176000000,Neutral
chr2,176000001,177000000,Neutral
chr2,177000001,178000000,Neutral
chr2,178000001,179000000,Neutral
chr2,179000001,180000000,Neutral
chr2,180000001,181000000,Neutral
chr2,181000001,182000000,Neutral
chr2,182000001,183000000,Neutral
chr2,183000001,184000000,Neutral
chr2,184000001,185000000,Neutral
chr2,185000001,186000000,NA
chr2,186000001,187000000,Neutral
chr2,187000001,188000000,Neutral
chr2,188000001,189000000,Neutral
chr2,189000001,190000000,Neutral
chr2,190000001,191000000,Neutral
chr2,191000001,192000000,Neutral
chr2,192000001,193000000,Neutral
chr2,193000001,194000000,Neutral
chr2,194000001,195000000,Neutral
chr2,195000001,196000000,Neutral
chr2,196000001,197000000,Neutral
chr2,197000001,198000000,Neutral
chr2,198000001,199000000,Neutral
chr2,199000001,200000000,Neutral
chr2,200000001,201000000,Neutral
chr2,201000001,202000000,Neutral
chr2,202000001,203000000,Neutral
chr2,203000001,204000000,Neutral
chr2,204000001,205000000,Neutral
chr2,205000001,206000000,Neutral
chr2,206000001,207000000,Neutral
chr2,207000001,208000000,Neutral
chr2,208000001,209000000,Neutral
chr2,209000001,210000000,Neutral
chr2,210000001,211000000,Neutral
chr2,211000001,212000000,Neutral
chr2,212000001,213000000,Neutral
chr2,213000001,214000000,Neutral
chr2,214000001,215000000,Neutral
chr2,215000001,216000000,Neutral
chr2,216000001,217000000,Neutral
chr2,217000001,218000000,Neutral
chr2,218000001,219000000,Neutral
chr2,219000001,220000000,Neutral
chr2,220000001,221000000,Neutral
chr2,221000001,222000000,Neutral
chr2,222000001,223000000,Neutral
chr2,223000001,224000000,Neutral
chr2,224000001,225000000,Neutral
chr2,225000001,226000000,Neutral
chr2,226000001,227000000,Neutral
chr2,227000001,228000000,Neutral
chr2,228000001,229000000,Neutral
chr2,229000001,230000000,Neutral
chr2,230000001,231000000,Neutral
chr2,231000001,232000000,Neutral
chr2,232000001,233000000,Neutral
chr2,233000001,234000000,Neutral
chr2,234000001,235000000,NA
chr2,235000001,236000000,Neutral
chr2,236000001,237000000,Neutral
chr2,237000001,238000000,Neutral
chr2,238000001,239000000,Neutral
chr2,239000001,240000000,NA
chr2,240000001,241000000,NA
chr2,241000001,242000000,Neutral
chr2,242000001,243000000,Neutral
chr3,1,1000000,NA
chr3,1000001,2000000,Loss
chr3,2000001,3000000,Loss
chr3,3000001,4000000,Loss
chr3,4000001,5000000,Loss
chr3,5000001,6000000,Loss
chr3,6000001,7000000,Loss
chr3,7000001,8000000,Loss
chr3,8000001,9000000,Loss
chr3,9000001,10000000,Loss
chr3,10000001,11000000,Loss
chr3,11000001,12000000,Loss
chr3,12000001,13000000,Loss
chr3,13000001,14000000,Loss
chr3,14000001,15000000,Loss
chr3,15000001,16000000,Loss
chr3,16000001,17000000,Loss
chr3,17000001,18000000,Loss
chr3,18000001,19000000,Loss
chr3,19000001,20000000,Loss
chr3,20000001,21000000,Loss
chr3,21000001,22000000,Loss
chr3,22000001,23000000,Loss
chr3,23000001,24000000,Loss
chr3,24000001,25000000,Loss
chr3,25000001,26000000,Loss
chr3,26000001,27000000,Loss
chr3,27000001,28000000,Loss
chr3,28000001,29000000,Loss
chr3,29000001,30000000,Loss
chr3,30000001,31000000,Loss
chr3,31000001,32000000,Loss
chr3,32000001,33000000,Loss
chr3,33000001,34000000,Loss
chr3,34000001,35000000,Loss
chr3,35000001,36000000,Loss
chr3,36000001,37000000,Loss
chr3,37000001,38000000,Loss
chr3,38000001,39000000,Loss
chr3,39000001,40000000,Loss
chr3,40000001,41000000,Loss
chr3,41000001,42000000,Loss
chr3,42000001,43000000,Loss
chr3,43000001,44000000,Loss
chr3,44000001,45000000,Loss
chr3,45000001,46000000,Loss
chr3,46000001,47000000,Loss
chr3,47000001,48000000,Loss
chr3,48000001,49000000,Loss
chr3,49000001,50000000,NA
chr3,50000001,51000000,Loss
chr3,51000001,52000000,Loss
chr3,52000001,53000000,NA
chr3,53000001,54000000,Loss
chr3,54000001,55000000,Loss
chr3,55000001,56000000,Loss
chr3,56000001,57000000,Loss
chr3,57000001,58000000,Loss
chr3,58000001,59000000,Loss
chr3,59000001,60000000,Loss
chr3,60000001,61000000,NA
chr3,61000001,62000000,Loss
chr3,62000001,63000000,Neutral
chr3,63000001,64000000,Neutral
chr3,64000001,65000000,Neutral
chr3,65000001,66000000,Neutral
chr3,67000001,68000000,Neutral
chr3,68000001,69000000,Neutral
chr3,69000001,70000000,Neutral
chr3,70000001,71000000,Neutral
chr3,71000001,72000000,Neutral
chr3,72000001,73000000,Neutral
chr3,73000001,74000000,Neutral
chr3,74000001,75000000,Neutral
chr3,76000001,77000000,Neutral
chr3,77000001,78000000,Neutral
chr3,78000001,79000000,Neutral
chr3,79000001,80000000,Neutral
chr3,80000001,81000000,Neutral
chr3,81000001,82000000,Neutral
chr3,82000001,83000000,Neutral
chr3,83000001,84000000,NA
chr3,84000001,85000000,Neutral
chr3,85000001,86000000,Neutral
chr3,86000001,87000000,Neutral
chr3,87000001,88000000,Neutral
chr3,88000001,89000000,Neutral
chr3,89000001,90000000,Neutral
chr3,94000001,95000000,Neutral
chr3,95000001,96000000,Neutral
chr3,96000001,97000000,Neutral
chr3,97000001,98000000,Neutral
chr3,98000001,99000000,Neutral
chr3,99000001,100000000,Neutral
chr3,100000001,101000000,Neutral
chr3,101000001,102000000,Neutral
chr3,102000001,103000000,Neutral
chr3,103000001,104000000,Neutral
chr3,104000001,105000000,Neutral
chr3,105000001,106000000,Neutral
chr3,106000001,107000000,Neutral
chr3,107000001,108000000,Neutral
chr3,108000001,109000000,Neutral
chr3,109000001,110000000,Neutral
chr3,110000001,111000000,Neutral
chr3,111000001,112000000,Neutral
chr3,112000001,113000000,Neutral
chr3,113000001,114000000,Neutral
chr3,114000001,115000000,Neutral
chr3,115000001,116000000,Neutral
chr3,116000001,117000000,Neutral
chr3,117000001,118000000,Neutral
chr3,118000001,119000000,Neutral
chr3,119000001,120000000,Neutral
chr3,120000001,121000000,Neutral
chr3,121000001,122000000,Neutral
chr3,122000001,123000000,Neutral
chr3,123000001,124000000,Neutral
chr3,124000001,125000000,Neutral
chr3,125000001,126000000,NA
chr3,126000001,127000000,Neutral
chr3,127000001,128000000,Neutral
chr3,128000001,129000000,Neutral
chr3,129000001,130000000,NA
chr3,130000001,131000000,Neutral
chr3,131000001,132000000,Neutral
chr3,132000001,133000000,Neutral
chr3,133000001,134000000,Neutral
chr3,134000001,135000000,Neutral
chr3,135000001,136000000,Neutral
chr3,136000001,137000000,Neutral
chr3,137000001,138000000,Neutral
chr3,138000001,139000000,Neutral
chr3,139000001,140000000,Neutral
chr3,140000001,141000000,Neutral
chr3,141000001,142000000,Neutral
chr3,142000001,143000000,Neutral
chr3,143000001,144000000,Neutral
chr3,144000001,145000000,Neutral
chr3,145000001,146000000,Neutral
chr3,146000001,147000000,Neutral
chr3,147000001,148000000,Neutral
chr3,148000001,149000000,Neutral
chr3,149000001,150000000,Neutral
chr3,150000001,151000000,Neutral
chr3,151000001,152000000,Neutral
chr3,152000001,153000000,Neutral
chr3,153000001,154000000,Neutral
chr3,154000001,155000000,Neutral
chr3,155000001,156000000,Neutral
chr3,156000001,157000000,Neutral
chr3,157000001,158000000,Neutral
chr3,158000001,159000000,Neutral
chr3,159000001,160000000,Neutral
chr3,160000001,161000000,Neutral
chr3,161000001,162000000,Neutral
chr3,162000001,163000000,Neutral
chr3,163000001,164000000,Neutral
chr3,164000001,165000000,Neutral
chr3,165000001,166000000,Neutral
chr3,166000001,167000000,Neutral
chr3,167000001,168000000,Neutral
chr3,168000001,169000000,Neutral
chr3,169000001,170000000,Neutral
chr3,170000001,171000000,Neutral
chr3,171000001,172000000,Neutral
chr3,172000001,173000000,Neutral
chr3,173000001,174000000,Neutral
chr3,174000001,175000000,Neutral
chr3,175000001,176000000,Neutral
chr3,176000001,177000000,Neutral
chr3,177000001,178000000,Neutral
chr3,178000001,179000000,Neutral
chr3,179000001,180000000,Neutral
chr3,180000001,181000000,Neutral
chr3,181000001,182000000,Neutral
chr3,182000001,183000000,Neutral
chr3,183000001,184000000,Neutral
chr3,184000001,185000000,Neutral
chr3,185000001,186000000,Neutral
chr3,186000001,187000000,Neutral
chr3,187000001,188000000,Neutral
chr3,188000001,189000000,Neutral
chr3,189000001,190000000,Neutral
chr3,190000001,191000000,Neutral
chr3,191000001,192000000,Neutral
chr3,192000001,193000000,Neutral
chr3,193000001,194000000,Neutral
chr3,194000001,195000000,NA
chr3,196000001,197000000,Neutral
chr4,1,1000000,NA
chr4,1000001,2000000,NA
chr4,2000001,3000000,Loss
chr4,3000001,4000000,Loss
chr4,4000001,5000000,Loss
chr4,5000001,6000000,Loss
chr4,6000001,7000000,Loss
chr4,7000001,8000000,Loss
chr4,8000001,9000000,NA
chr4,10000001,11000000,Loss
chr4,11000001,12000000,Loss
chr4,12000001,13000000,Loss
chr4,13000001,14000000,Loss
chr4,14000001,15000000,Loss
chr4,15000001,16000000,Loss
chr4,16000001,17000000,Loss
chr4,17000001,18000000,Loss
chr4,18000001,19000000,Loss
chr4,19000001,20000000,Loss
chr4,20000001,21000000,Loss
chr4,21000001,22000000,Loss
chr4,22000001,23000000,Loss
chr4,23000001,24000000,Loss
chr4,24000001,25000000,Loss
chr4,25000001,26000000,Loss
chr4,26000001,27000000,Loss
chr4,27000001,28000000,Loss
chr4,28000001,29000000,Loss
chr4,29000001,30000000,Loss
chr4,30000001,31000000,Loss
chr4,31000001,32000000,NA
chr4,32000001,33000000,NA
chr4,33000001,34000000,Loss
chr4,34000001,35000000,Loss
chr4,35000001,36000000,Loss
chr4,36000001,37000000,Loss
chr4,37000001,38000000,Loss
chr4,38000001,39000000,Loss
chr4,39000001,40000000,Loss
chr4,40000001,41000000,NA
chr4,41000001,42000000,Loss
chr4,42000001,43000000,Loss
chr4,43000001,44000000,Loss
chr4,44000001,45000000,Loss
chr4,45000001,46000000,Loss
chr4,46000001,47000000,Loss
chr4,47000001,48000000,Loss
chr4,48000001,49000000,Loss
chr4,53000001,54000000,Loss
chr4,54000001,55000000,Loss
chr4,55000001,56000000,Loss
chr4,56000001,57000000,Loss
chr4,57000001,58000000,Loss
chr4,58000001,59000000,Loss
chr4,59000001,60000000,NA
chr4,60000001,61000000,Loss
chr4,61000001,62000000,Loss
chr4,62000001,63000000,Loss
chr4,63000001,64000000,Loss
chr4,64000001,65000000,Loss
chr4,65000001,66000000,Loss
chr4,66000001,67000000,Loss
chr4,67000001,68000000,Loss
chr4,68000001,69000000,Loss
chr4,70000001,71000000,NA
chr4,71000001,72000000,Loss
chr4,72000001,73000000,Loss
chr4,73000001,74000000,Loss
chr4,74000001,75000000,Loss
chr4,75000001,76000000,NA
chr4,76000001,77000000,Loss
chr4,77000001,78000000,Loss
chr4,78000001,79000000,Loss
chr4,79000001,80000000,Loss
chr4,80000001,81000000,Loss
chr4,81000001,82000000,Loss
chr4,82000001,83000000,Loss
chr4,83000001,84000000,Loss
chr4,84000001,85000000,Loss
chr4,85000001,86000000,Loss
chr4,86000001,87000000,Loss
chr4,87000001,88000000,Loss
chr4,88000001,89000000,Loss
chr4,89000001,90000000,Loss
chr4,90000001,91000000,Loss
chr4,91000001,92000000,Loss
chr4,92000001,93000000,Loss
chr4,93000001,94000000,Loss
chr4,94000001,95000000,Loss
chr4,95000001,96000000,Loss
chr4,96000001,97000000,Loss
chr4,97000001,98000000,Loss
chr4,98000001,99000000,Loss
chr4,99000001,100000000,Loss
chr4,100000001,101000000,Loss
chr4,101000001,102000000,Loss
chr4,102000001,103000000,Loss
chr4,103000001,104000000,Loss
chr4,104000001,105000000,Loss
chr4,105000001,106000000,Loss
chr4,106000001,107000000,Loss
chr4,107000001,108000000,Loss
chr4,108000001,109000000,Loss
chr4,109000001,110000000,Loss
chr4,110000001,111000000,Loss
chr4,111000001,112000000,Loss
chr4,112000001,113000000,Loss
chr4,113000001,114000000,Loss
chr4,114000001,115000000,Loss
chr4,115000001,116000000,Loss
chr4,116000001,117000000,Loss
chr4,117000001,118000000,Loss
chr4,118000001,119000000,Loss
chr4,119000001,120000000,NA
chr4,120000001,121000000,Loss
chr4,121000001,122000000,Loss
chr4,122000001,123000000,Loss
chr4,123000001,124000000,Loss
chr4,124000001,125000000,Loss
chr4,125000001,126000000,Loss
chr4,126000001,127000000,Loss
chr4,127000001,128000000,Loss
chr4,128000001,129000000,Loss
chr4,129000001,130000000,Loss
chr4,130000001,131000000,Loss
chr4,131000001,132000000,Loss
chr4,132000001,133000000,NA
chr4,133000001,134000000,Loss
chr4,134000001,135000000,Loss
chr4,135000001,136000000,Loss
chr4,136000001,137000000,Loss
chr4,137000001,138000000,Loss
chr4,138000001,139000000,Loss
chr4,139000001,140000000,Loss
chr4,140000001,141000000,Loss
chr4,141000001,142000000,Loss
chr4,142000001,143000000,Loss
chr4,143000001,144000000,Loss
chr4,144000001,145000000,NA
chr4,145000001,146000000,Loss
chr4,146000001,147000000,Loss
chr4,147000001,148000000,Loss
chr4,148000001,149000000,Loss
chr4,149000001,150000000,Loss
chr4,150000001,151000000,Loss
chr4,151000001,152000000,Loss
chr4,152000001,153000000,Loss
chr4,153000001,154000000,Loss
chr4,154000001,155000000,Loss
chr4,155000001,156000000,Loss
chr4,156000001,157000000,Loss
chr4,157000001,158000000,Loss
chr4,158000001,159000000,Loss
chr4,159000001,160000000,Loss
chr4,160000001,161000000,Loss
chr4,161000001,162000000,Loss
chr4,162000001,163000000,Loss
chr4,163000001,164000000,Loss
chr4,164000001,165000000,Loss
chr4,165000001,166000000,Loss
chr4,166000001,167000000,Loss
chr4,167000001,168000000,Loss
chr4,168000001,169000000,Loss
chr4,169000001,170000000,Loss
chr4,170000001,171000000,Loss
chr4,171000001,172000000,Loss
chr4,172000001,173000000,Loss
chr4,173000001,174000000,Loss
chr4,174000001,175000000,Loss
chr4,175000001,176000000,Loss
chr4,176000001,177000000,Loss
chr4,177000001,178000000,Loss
chr4,178000001,179000000,Loss
chr4,179000001,180000000,Loss
chr4,180000001,181000000,Loss
chr4,181000001,182000000,Loss
chr4,182000001,183000000,Loss
chr4,183000001,184000000,Loss
chr4,184000001,185000000,Loss
chr4,185000001,186000000,Loss
chr4,186000001,187000000,Loss
chr4,187000001,188000000,Loss
chr4,188000001,189000000,Loss
chr4,189000001,190000000,Loss
chr5,1000001,2000000,Loss
chr5,2000001,3000000,Loss
chr5,3000001,4000000,Loss
chr5,4000001,5000000,Loss
chr5,5000001,6000000,Loss
chr5,6000001,7000000,Loss
chr5,7000001,8000000,Loss
chr5,8000001,9000000,Loss
chr5,9000001,10000000,Loss
chr5,10000001,11000000,Loss
chr5,11000001,12000000,Loss
chr5,12000001,13000000,Loss
chr5,13000001,14000000,Loss
chr5,14000001,15000000,Loss
chr5,15000001,16000000,Loss
chr5,16000001,17000000,Loss
chr5,17000001,18000000,NA
chr5,18000001,19000000,Loss
chr5,19000001,20000000,Loss
chr5,20000001,21000000,NA
chr5,22000001,23000000,Loss
chr5,23000001,24000000,Loss
chr5,24000001,25000000,Loss
chr5,25000001,26000000,Loss
chr5,26000001,27000000,Loss
chr5,27000001,28000000,Loss
chr5,28000001,29000000,Loss
chr5,29000001,30000000,Loss
chr5,30000001,31000000,Loss
chr5,31000001,32000000,Loss
chr5,32000001,33000000,Loss
chr5,33000001,34000000,Loss
chr5,34000001,35000000,NA
chr5,35000001,36000000,Loss
chr5,36000001,37000000,Loss
chr5,37000001,38000000,Loss
chr5,38000001,39000000,Loss
chr5,39000001,40000000,Loss
chr5,40000001,41000000,Loss
chr5,41000001,42000000,Loss
chr5,42000001,43000000,Loss
chr5,43000001,44000000,Loss
chr5,44000001,45000000,Loss
chr5,45000001,46000000,Loss
chr5,50000001,51000000,Loss
chr5,51000001,52000000,Loss
chr5,52000001,53000000,Loss
chr5,53000001,54000000,Loss
chr5,54000001,55000000,Loss
chr5,55000001,56000000,Loss
chr5,56000001,57000000,Loss
chr5,57000001,58000000,Loss
chr5,58000001,59000000,Loss
chr5,59000001,60000000,Loss
chr5,60000001,61000000,Loss
chr5,61000001,62000000,Loss
chr5,62000001,63000000,Loss
chr5,63000001,64000000,Loss
chr5,64000001,65000000,Loss
chr5,65000001,66000000,Loss
chr5,66000001,67000000,Loss
chr5,67000001,68000000,Loss
chr5,71000001,72000000,Loss
chr5,72000001,73000000,Loss
chr5,73000001,74000000,Loss
chr5,74000001,75000000,Loss
chr5,75000001,76000000,Loss
chr5,76000001,77000000,Loss
chr5,77000001,78000000,Loss
chr5,78000001,79000000,Loss
chr5,79000001,80000000,Loss
chr5,80000001,81000000,Loss
chr5,81000001,82000000,Loss
chr5,82000001,83000000,Loss
chr5,83000001,84000000,Loss
chr5,84000001,85000000,Loss
chr5,85000001,86000000,Loss
chr5,86000001,87000000,Loss
chr5,87000001,88000000,Loss
chr5,88000001,89000000,Loss
chr5,89000001,90000000,Loss
chr5,90000001,91000000,Loss
chr5,91000001,92000000,NA
chr5,92000001,93000000,Loss
chr5,93000001,94000000,Loss
chr5,94000001,95000000,Loss
chr5,95000001,96000000,Loss
chr5,96000001,97000000,Loss
chr5,97000001,98000000,Loss
chr5,98000001,99000000,Loss
chr5,99000001,100000000,NA
chr5,100000001,101000000,Loss
chr5,101000001,102000000,Loss
chr5,102000001,103000000,Loss
chr5,103000001,104000000,Loss
chr5,104000001,105000000,Loss
chr5,105000001,106000000,Loss
chr5,106000001,107000000,Loss
chr5,107000001,108000000,Loss
chr5,108000001,109000000,Loss
chr5,109000001,110000000,Loss
chr5,110000001,111000000,Loss
chr5,111000001,112000000,Loss
chr5,112000001,113000000,Loss
chr5,113000001,114000000,Loss
chr5,114000001,115000000,Loss
chr5,115000001,116000000,Loss
chr5,116000001,117000000,Loss
chr5,117000001,118000000,Loss
chr5,118000001,119000000,Loss
chr5,119000001,120000000,Loss
chr5,120000001,121000000,Loss
chr5,121000001,122000000,Loss
chr5,122000001,123000000,Loss
chr5,123000001,124000000,Loss
chr5,124000001,125000000,Loss
chr5,125000001,126000000,Loss
chr5,126000001,127000000,Loss
chr5,127000001,128000000,Loss
chr5,128000001,129000000,Loss
chr5,129000001,130000000,Loss
chr5,130000001,131000000,Loss
chr5,131000001,132000000,Loss
chr5,132000001,133000000,Loss
chr5,133000001,134000000,Loss
chr5,134000001,135000000,Loss
chr5,135000001,136000000,Loss
chr5,136000001,137000000,Loss
chr5,137000001,138000000,Loss
chr5,138000001,139000000,NA
chr5,139000001,140000000,Loss
chr5,141000001,142000000,Loss
chr5,142000001,143000000,Loss
chr5,143000001,144000000,Loss
chr5,144000001,145000000,Loss
chr5,145000001,146000000,Loss
chr5,146000001,147000000,Loss
chr5,147000001,148000000,Loss
chr5,148000001,149000000,Loss
chr5,149000001,150000000,Loss
chr5,150000001,151000000,Loss
chr5,151000001,152000000,Loss
chr5,152000001,153000000,Loss
chr5,153000001,154000000,Loss
chr5,154000001,155000000,Loss
chr5,155000001,156000000,NA
chr5,156000001,157000000,Loss
chr5,157000001,158000000,Loss
chr5,158000001,159000000,Loss
chr5,159000001,160000000,Loss
chr5,160000001,161000000,Loss
chr5,161000001,162000000,Loss
chr5,162000001,163000000,Loss
chr5,163000001,164000000,Loss
chr5,164000001,165000000,Loss
chr5,165000001,166000000,Loss
chr5,166000001,167000000,Loss
chr5,167000001,168000000,Loss
chr5,168000001,169000000,Loss
chr5,169000001,170000000,Loss
chr5,170000001,171000000,Loss
chr5,171000001,172000000,Loss
chr5,172000001,173000000,Loss
chr5,173000001,174000000,Loss
chr5,174000001,175000000,Loss
chr5,176000001,177000000,NA
chr5,178000001,179000000,Loss
chr5,179000001,180000000,NA
chr6,1000001,2000000,Gain
chr6,2000001,3000000,Gain
chr6,3000001,4000000,Gain
chr6,4000001,5000000,Gain
chr6,5000001,6000000,Gain
chr6,6000001,7000000,Gain
chr6,7000001,8000000,Gain
chr6,8000001,9000000,Gain
chr6,9000001,10000000,Gain
chr6,10000001,11000000,Gain
chr6,11000001,12000000,Gain
chr6,12000001,13000000,Gain
chr6,13000001,14000000,Gain
chr6,14000001,15000000,Gain
chr6,15000001,16000000,Gain
chr6,16000001,17000000,Gain
chr6,17000001,18000000,Gain
chr6,18000001,19000000,Gain
chr6,19000001,20000000,Gain
chr6,20000001,21000000,Gain
chr6,21000001,22000000,Gain
chr6,22000001,23000000,Gain
chr6,23000001,24000000,Gain
chr6,24000001,25000000,Gain
chr6,25000001,26000000,Gain
chr6,27000001,28000000,Gain
chr6,34000001,35000000,Gain
chr6,35000001,36000000,Gain
chr6,36000001,37000000,Gain
chr6,37000001,38000000,Gain
chr6,38000001,39000000,Gain
chr6,39000001,40000000,Gain
chr6,40000001,41000000,Gain
chr6,41000001,42000000,Gain
chr6,42000001,43000000,Gain
chr6,43000001,44000000,Gain
chr6,44000001,45000000,Gain
chr6,45000001,46000000,Gain
chr6,46000001,47000000,Gain
chr6,47000001,48000000,Gain
chr6,48000001,49000000,Gain
chr6,49000001,50000000,Gain
chr6,50000001,51000000,Gain
chr6,51000001,52000000,Gain
chr6,52000001,53000000,NA
chr6,53000001,54000000,Gain
chr6,54000001,55000000,Gain
chr6,55000001,56000000,Gain
chr6,56000001,57000000,Gain
chr6,62000001,63000000,NA
chr6,63000001,64000000,Gain
chr6,64000001,65000000,Gain
chr6,65000001,66000000,Gain
chr6,66000001,67000000,Gain
chr6,67000001,68000000,Gain
chr6,68000001,69000000,Gain
chr6,69000001,70000000,Gain
chr6,70000001,71000000,Gain
chr6,71000001,72000000,Gain
chr6,72000001,73000000,Gain
chr6,73000001,74000000,Gain
chr6,74000001,75000000,Gain
chr6,75000001,76000000,Gain
chr6,76000001,77000000,Gain
chr6,77000001,78000000,Gain
chr6,78000001,79000000,Gain
chr6,79000001,80000000,Gain
chr6,80000001,81000000,Gain
chr6,81000001,82000000,Gain
chr6,82000001,83000000,Neutral
chr6,83000001,84000000,Neutral
chr6,84000001,85000000,Neutral
chr6,85000001,86000000,Neutral
chr6,86000001,87000000,Neutral
chr6,87000001,88000000,Neutral
chr6,88000001,89000000,Neutral
chr6,89000001,90000000,Neutral
chr6,90000001,91000000,Neutral
chr6,91000001,92000000,Neutral
chr6,92000001,93000000,Neutral
chr6,93000001,94000000,Neutral
chr6,94000001,95000000,Neutral
chr6,96000001,97000000,Neutral
chr6,97000001,98000000,Neutral
chr6,98000001,99000000,Neutral
chr6,99000001,100000000,Neutral
chr6,100000001,101000000,Neutral
chr6,101000001,102000000,Neutral
chr6,102000001,103000000,Neutral
chr6,103000001,104000000,Neutral
chr6,104000001,105000000,Neutral
chr6,105000001,106000000,Neutral
chr6,106000001,107000000,Neutral
chr6,107000001,108000000,Neutral
chr6,108000001,109000000,Neutral
chr6,109000001,110000000,Neutral
chr6,110000001,111000000,Neutral
chr6,111000001,112000000,Neutral
chr6,112000001,113000000,Neutral
chr6,113000001,114000000,Neutral
chr6,114000001,115000000,Neutral
chr6,115000001,116000000,NA
chr6,116000001,117000000,Neutral
chr6,117000001,118000000,Neutral
chr6,118000001,119000000,Neutral
chr6,119000001,120000000,Neutral
chr6,120000001,121000000,Neutral
chr6,121000001,122000000,Neutral
chr6,122000001,123000000,Neutral
chr6,123000001,124000000,Neutral
chr6,124000001,125000000,Neutral
chr6,125000001,126000000,Neutral
chr6,126000001,127000000,Neutral
chr6,127000001,128000000,Neutral
chr6,128000001,129000000,Neutral
chr6,129000001,130000000,Neutral
chr6,130000001,131000000,Neutral
chr6,131000001,132000000,Neutral
chr6,132000001,133000000,Neutral
chr6,133000001,134000000,Neutral
chr6,134000001,135000000,Neutral
chr6,135000001,136000000,Neutral
chr6,136000001,137000000,Neutral
chr6,137000001,138000000,Neutral
chr6,138000001,139000000,Neutral
chr6,139000001,140000000,Neutral
chr6,140000001,141000000,Neutral
chr6,141000001,142000000,Neutral
chr6,142000001,143000000,Neutral
chr6,143000001,144000000,Neutral
chr6,144000001,145000000,Neutral
chr6,145000001,146000000,Neutral
chr6,146000001,147000000,Neutral
chr6,147000001,148000000,Neutral
chr6,148000001,149000000,Neutral
chr6,149000001,150000000,Neutral
chr6,150000001,151000000,Neutral
chr6,151000001,152000000,Neutral
chr6,152000001,153000000,Neutral
chr6,153000001,154000000,Neutral
chr6,154000001,155000000,Neutral
chr6,155000001,156000000,Neutral
chr6,156000001,157000000,Neutral
chr6,158000001,159000000,Neutral
chr6,159000001,160000000,Neutral
chr6,160000001,161000000,Neutral
chr6,161000001,162000000,Neutral
chr6,162000001,163000000,NA
chr6,163000001,164000000,Neutral
chr6,164000001,165000000,Neutral
chr6,165000001,166000000,Neutral
chr6,166000001,167000000,Neutral
chr6,167000001,168000000,NA
chr6,168000001,169000000,NA
chr6,169000001,170000000,Neutral
chr7,1,1000000,NA
chr7,1000001,2000000,Gain
chr7,2000001,3000000,Gain
chr7,3000001,4000000,Gain
chr7,4000001,5000000,Gain
chr7,5000001,6000000,Gain
chr7,6000001,7000000,NA
chr7,7000001,8000000,Gain
chr7,8000001,9000000,Gain
chr7,9000001,10000000,Gain
chr7,10000001,11000000,Gain
chr7,11000001,12000000,Gain
chr7,12000001,13000000,Gain
chr7,13000001,14000000,Gain
chr7,14000001,15000000,Gain
chr7,15000001,16000000,Gain
chr7,16000001,17000000,Gain
chr7,17000001,18000000,Gain
chr7,18000001,19000000,Gain
chr7,19000001,20000000,Gain
chr7,20000001,21000000,Gain
chr7,21000001,22000000,Gain
chr7,22000001,23000000,Gain
chr7,23000001,24000000,Gain
chr7,24000001,25000000,Gain
chr7,25000001,26000000,Gain
chr7,26000001,27000000,Gain
chr7,27000001,28000000,Gain
chr7,28000001,29000000,Gain
chr7,29000001,30000000,Gain
chr7,30000001,31000000,Gain
chr7,31000001,32000000,Gain
chr7,32000001,33000000,Gain
chr7,33000001,34000000,Gain
chr7,34000001,35000000,Gain
chr7,35000001,36000000,NA
chr7,36000001,37000000,Gain
chr7,37000001,38000000,Gain
chr7,38000001,39000000,Gain
chr7,39000001,40000000,Gain
chr7,40000001,41000000,Gain
chr7,41000001,42000000,Gain
chr7,42000001,43000000,Gain
chr7,43000001,44000000,Gain
chr7,44000001,45000000,Gain
chr7,45000001,46000000,Gain
chr7,46000001,47000000,Gain
chr7,47000001,48000000,Gain
chr7,48000001,49000000,Gain
chr7,49000001,50000000,Gain
chr7,50000001,51000000,NA
chr7,51000001,52000000,Gain
chr7,52000001,53000000,Gain
chr7,53000001,54000000,Gain
chr7,54000001,55000000,Gain
chr7,55000001,56000000,Gain
chr7,56000001,57000000,NA
chr7,63000001,64000000,NA
chr7,64000001,65000000,NA
chr7,65000001,66000000,NA
chr7,66000001,67000000,NA
chr7,67000001,68000000,Gain
chr7,68000001,69000000,NA
chr7,69000001,70000000,NA
chr7,70000001,71000000,Gain
chr7,71000001,72000000,Gain
chr7,73000001,74000000,Gain
chr7,75000001,76000000,Gain
chr7,77000001,78000000,Gain
chr7,78000001,79000000,Gain
chr7,79000001,80000000,Gain
chr7,80000001,81000000,Gain
chr7,81000001,82000000,Gain
chr7,82000001,83000000,Gain
chr7,83000001,84000000,Gain
chr7,84000001,85000000,Gain
chr7,85000001,86000000,Gain
chr7,86000001,87000000,Gain
chr7,87000001,88000000,Gain
chr7,88000001,89000000,Gain
chr7,89000001,90000000,Gain
chr7,90000001,91000000,Gain
chr7,91000001,92000000,Gain
chr7,92000001,93000000,Gain
chr7,93000001,94000000,Gain
chr7,94000001,95000000,Gain
chr7,95000001,96000000,Gain
chr7,96000001,97000000,Gain
chr7,97000001,98000000,Gain
chr7,98000001,99000000,Gain
chr7,99000001,100000000,Gain
chr7,100000001,101000000,NA
chr7,101000001,102000000,Gain
chr7,103000001,104000000,Gain
chr7,104000001,105000000,Gain
chr7,105000001,106000000,Gain
chr7,106000001,107000000,Gain
chr7,107000001,108000000,Gain
chr7,108000001,109000000,Gain
chr7,109000001,110000000,Gain
chr7,110000001,111000000,Gain
chr7,111000001,112000000,Gain
chr7,112000001,113000000,Gain
chr7,113000001,114000000,Gain
chr7,114000001,115000000,Gain
chr7,115000001,116000000,Gain
chr7,116000001,117000000,Gain
chr7,117000001,118000000,Gain
chr7,118000001,119000000,Gain
chr7,119000001,120000000,Gain
chr7,120000001,121000000,Gain
chr7,121000001,122000000,Gain
chr7,122000001,123000000,Gain
chr7,123000001,124000000,Gain
chr7,124000001,125000000,NA
chr7,125000001,126000000,Gain
chr7,126000001,127000000,NA
chr7,127000001,128000000,Gain
chr7,128000001,129000000,Gain
chr7,129000001,130000000,NA
chr7,131000001,132000000,NA
chr7,132000001,133000000,NA
chr7,133000001,134000000,NA
chr7,134000001,135000000,NA
chr7,135000001,136000000,NA
chr7,136000001,137000000,Gain
chr7,137000001,138000000,NA
chr7,138000001,139000000,NA
chr7,139000001,140000000,NA
chr7,140000001,141000000,NA
chr7,141000001,142000000,NA
chr7,144000001,145000000,NA
chr7,145000001,146000000,NA
chr7,146000001,147000000,NA
chr7,147000001,148000000,NA
chr7,148000001,149000000,NA
chr7,149000001,150000000,NA
chr7,150000001,151000000,Gain
chr7,151000001,152000000,NA
chr7,152000001,153000000,NA
chr7,153000001,154000000,NA
chr7,155000001,156000000,Gain
chr7,156000001,157000000,NA
chr7,157000001,158000000,Gain
chr7,158000001,159000000,Gain
chr8,1000001,2000000,Loss
chr8,2000001,3000000,Loss
chr8,3000001,4000000,Loss
chr8,4000001,5000000,Loss
chr8,5000001,6000000,Loss
chr8,6000001,7000000,Loss
chr8,8000001,9000000,Loss
chr8,9000001,10000000,Loss
chr8,10000001,11000000,Loss
chr8,11000001,12000000,Loss
chr8,13000001,14000000,Loss
chr8,14000001,15000000,Loss
chr8,15000001,16000000,Loss
chr8,16000001,17000000,Loss
chr8,17000001,18000000,Loss
chr8,18000001,19000000,Loss
chr8,19000001,20000000,Loss
chr8,20000001,21000000,Loss
chr8,21000001,22000000,Loss
chr8,22000001,23000000,Loss
chr8,23000001,24000000,Loss
chr8,24000001,25000000,Loss
chr8,25000001,26000000,Loss
chr8,26000001,27000000,Loss
chr8,27000001,28000000,Loss
chr8,28000001,29000000,Loss
chr8,29000001,30000000,Loss
chr8,30000001,31000000,Loss
chr8,31000001,32000000,Loss
chr8,32000001,33000000,Loss
chr8,33000001,34000000,Loss
chr8,34000001,35000000,Loss
chr8,35000001,36000000,Loss
chr8,36000001,37000000,Loss
chr8,37000001,38000000,Loss
chr8,38000001,39000000,Loss
chr8,39000001,40000000,Loss
chr8,40000001,41000000,Loss
chr8,41000001,42000000,Gain
chr8,42000001,43000000,Gain
chr8,47000001,48000000,Gain
chr8,48000001,49000000,NA
chr8,49000001,50000000,Gain
chr8,50000001,51000000,Gain
chr8,51000001,52000000,Gain
chr8,52000001,53000000,Gain
chr8,53000001,54000000,Gain
chr8,54000001,55000000,Gain
chr8,55000001,56000000,Gain
chr8,56000001,57000000,Gain
chr8,57000001,58000000,Gain
chr8,58000001,59000000,Gain
chr8,59000001,60000000,Gain
chr8,60000001,61000000,Gain
chr8,61000001,62000000,Gain
chr8,62000001,63000000,Gain
chr8,63000001,64000000,Gain
chr8,64000001,65000000,Gain
chr8,65000001,66000000,Gain
chr8,66000001,67000000,Gain
chr8,67000001,68000000,Gain
chr8,68000001,69000000,Gain
chr8,69000001,70000000,Gain
chr8,70000001,71000000,Gain
chr8,71000001,72000000,Gain
chr8,72000001,73000000,Gain
chr8,73000001,74000000,Gain
chr8,74000001,75000000,Gain
chr8,75000001,76000000,Gain
chr8,76000001,77000000,Gain
chr8,77000001,78000000,Gain
chr8,78000001,79000000,Gain
chr8,79000001,80000000,Gain
chr8,80000001,81000000,Gain
chr8,81000001,82000000,Gain
chr8,82000001,83000000,Gain
chr8,83000001,84000000,Gain
chr8,84000001,85000000,Gain
chr8,85000001,86000000,Gain
chr8,87000001,88000000,Gain
chr8,88000001,89000000,Gain
chr8,89000001,90000000,Gain
chr8,90000001,91000000,Gain
chr8,91000001,92000000,Gain
chr8,92000001,93000000,Gain
chr8,93000001,94000000,Gain
chr8,94000001,95000000,Gain
chr8,95000001,96000000,Gain
chr8,96000001,97000000,Gain
chr8,97000001,98000000,Gain
chr8,98000001,99000000,Gain
chr8,99000001,100000000,Gain
chr8,100000001,101000000,Gain
chr8,101000001,102000000,Gain
chr8,102000001,103000000,Gain
chr8,103000001,104000000,Gain
chr8,104000001,105000000,Gain
chr8,105000001,106000000,Gain
chr8,106000001,107000000,Gain
chr8,107000001,108000000,Gain
chr8,108000001,109000000,Gain
chr8,109000001,110000000,Gain
chr8,110000001,111000000,Gain
chr8,111000001,112000000,Gain
chr8,112000001,113000000,Gain
chr8,113000001,114000000,Gain
chr8,114000001,115000000,Gain
chr8,115000001,116000000,Gain
chr8,116000001,117000000,Gain
chr8,117000001,118000000,Gain
chr8,118000001,119000000,Gain
chr8,119000001,120000000,Gain
chr8,120000001,121000000,Gain
chr8,121000001,122000000,Gain
chr8,122000001,123000000,Gain
chr8,123000001,124000000,Gain
chr8,124000001,125000000,Gain
chr8,125000001,126000000,Gain
chr8,126000001,127000000,Gain
chr8,127000001,128000000,Gain
chr8,128000001,129000000,Gain
chr8,129000001,130000000,Gain
chr8,130000001,131000000,Gain
chr8,131000001,132000000,Gain
chr8,132000001,133000000,Gain
chr8,133000001,134000000,Gain
chr8,134000001,135000000,Gain
chr8,135000001,136000000,Gain
chr8,136000001,137000000,Gain
chr8,137000001,138000000,Gain
chr8,138000001,139000000,Gain
chr8,139000001,140000000,Gain
chr8,140000001,141000000,Gain
chr8,141000001,142000000,Gain
chr8,142000001,143000000,NA
chr8,143000001,144000000,Gain
chr8,144000001,145000000,Gain
chr9,1,1000000,NA
chr9,1000001,2000000,Neutral
chr9,2000001,3000000,Neutral
chr9,3000001,4000000,Neutral
chr9,4000001,5000000,Neutral
chr9,5000001,6000000,Neutral
chr9,6000001,7000000,Neutral
chr9,7000001,8000000,Neutral
chr9,8000001,9000000,Neutral
chr9,9000001,10000000,Neutral
chr9,10000001,11000000,Neutral
chr9,11000001,12000000,Neutral
chr9,12000001,13000000,Neutral
chr9,13000001,14000000,Neutral
chr9,14000001,15000000,Neutral
chr9,15000001,16000000,Neutral
chr9,16000001,17000000,Neutral
chr9,17000001,18000000,Neutral
chr9,18000001,19000000,Neutral
chr9,19000001,20000000,Neutral
chr9,20000001,21000000,Neutral
chr9,21000001,22000000,Neutral
chr9,22000001,23000000,Neutral
chr9,23000001,24000000,Neutral
chr9,24000001,25000000,Neutral
chr9,25000001,26000000,Neutral
chr9,26000001,27000000,Neutral
chr9,27000001,28000000,Neutral
chr9,28000001,29000000,Neutral
chr9,29000001,30000000,Neutral
chr9,30000001,31000000,Neutral
chr9,31000001,32000000,Neutral
chr9,32000001,33000000,Neutral
chr9,33000001,34000000,Neutral
chr9,34000001,35000000,Neutral
chr9,35000001,36000000,Neutral
chr9,36000001,37000000,Neutral
chr9,37000001,38000000,Neutral
chr9,38000001,39000000,NA
chr9,71000001,72000000,Neutral
chr9,72000001,73000000,Neutral
chr9,73000001,74000000,Neutral
chr9,74000001,75000000,Neutral
chr9,75000001,76000000,Neutral
chr9,76000001,77000000,Neutral
chr9,77000001,78000000,Neutral
chr9,78000001,79000000,Neutral
chr9,79000001,80000000,Neutral
chr9,80000001,81000000,Neutral
chr9,81000001,82000000,Neutral
chr9,82000001,83000000,Neutral
chr9,83000001,84000000,Neutral
chr9,84000001,85000000,Neutral
chr9,85000001,86000000,Neutral
chr9,86000001,87000000,Neutral
chr9,87000001,88000000,Neutral
chr9,88000001,89000000,Neutral
chr9,89000001,90000000,Neutral
chr9,90000001,91000000,Neutral
chr9,91000001,92000000,Neutral
chr9,93000001,94000000,Neutral
chr9,94000001,95000000,Neutral
chr9,95000001,96000000,Neutral
chr9,96000001,97000000,Neutral
chr9,97000001,98000000,Neutral
chr9,98000001,99000000,Neutral
chr9,99000001,100000000,NA
chr9,100000001,101000000,Neutral
chr9,101000001,102000000,Neutral
chr9,102000001,103000000,Neutral
chr9,103000001,104000000,Neutral
chr9,104000001,105000000,Neutral
chr9,105000001,106000000,Neutral
chr9,106000001,107000000,Neutral
chr9,107000001,108000000,Neutral
chr9,108000001,109000000,Neutral
chr9,109000001,110000000,Neutral
chr9,110000001,111000000,Neutral
chr9,111000001,112000000,Neutral
chr9,112000001,113000000,Neutral
chr9,113000001,114000000,Neutral
chr9,114000001,115000000,Neutral
chr9,115000001,116000000,Neutral
chr9,116000001,117000000,Neutral
chr9,117000001,118000000,Neutral
chr9,118000001,119000000,Neutral
chr9,119000001,120000000,Neutral
chr9,120000001,121000000,Neutral
chr9,121000001,122000000,Neutral
chr9,122000001,123000000,Neutral
chr9,123000001,124000000,Neutral
chr9,124000001,125000000,Neutral
chr9,125000001,126000000,Neutral
chr9,126000001,127000000,Neutral
chr9,127000001,128000000,Neutral
chr9,128000001,129000000,Neutral
chr9,129000001,130000000,Neutral
chr9,130000001,131000000,Neutral
chr9,131000001,132000000,Neutral
chr9,132000001,133000000,Neutral
chr9,134000001,135000000,Neutral
chr9,135000001,136000000,Neutral
chr9,136000001,137000000,Neutral
chr9,137000001,138000000,NA
chr9,138000001,139000000,Neutral
chr9,139000001,140000000,NA
chr9,140000001,141000000,Neutral
chr10,1,1000000,NA
chr10,1000001,2000000,Gain
chr10,2000001,3000000,Gain
chr10,3000001,4000000,Gain
chr10,4000001,5000000,Gain
chr10,5000001,6000000,Gain
chr10,6000001,7000000,Gain
chr10,7000001,8000000,Gain
chr10,8000001,9000000,Gain
chr10,9000001,10000000,Gain
chr10,10000001,11000000,Gain
chr10,11000001,12000000,Gain
chr10,12000001,13000000,Gain
chr10,13000001,14000000,Gain
chr10,14000001,15000000,Gain
chr10,15000001,16000000,Gain
chr10,16000001,17000000,Gain
chr10,17000001,18000000,NA
chr10,18000001,19000000,NA
chr10,19000001,20000000,Gain
chr10,20000001,21000000,Gain
chr10,21000001,22000000,Gain
chr10,22000001,23000000,Gain
chr10,23000001,24000000,Gain
chr10,24000001,25000000,Gain
chr10,25000001,26000000,Gain
chr10,26000001,27000000,Gain
chr10,27000001,28000000,Gain
chr10,28000001,29000000,Gain
chr10,29000001,30000000,Gain
chr10,30000001,31000000,Gain
chr10,31000001,32000000,Gain
chr10,32000001,33000000,Gain
chr10,33000001,34000000,Gain
chr10,34000001,35000000,Gain
chr10,35000001,36000000,Gain
chr10,36000001,37000000,Gain
chr10,37000001,38000000,NA
chr10,43000001,44000000,Neutral
chr10,44000001,45000000,Neutral
chr10,45000001,46000000,Neutral
chr10,50000001,51000000,Neutral
chr10,52000001,53000000,Neutral
chr10,53000001,54000000,Neutral
chr10,54000001,55000000,NA
chr10,55000001,56000000,Neutral
chr10,56000001,57000000,Neutral
chr10,57000001,58000000,Neutral
chr10,58000001,59000000,Neutral
chr10,59000001,60000000,Neutral
chr10,60000001,61000000,NA
chr10,61000001,62000000,NA
chr10,62000001,63000000,Neutral
chr10,63000001,64000000,Neutral
chr10,64000001,65000000,NA
chr10,65000001,66000000,Neutral
chr10,66000001,67000000,Neutral
chr10,67000001,68000000,Neutral
chr10,68000001,69000000,Neutral
chr10,69000001,70000000,Neutral
chr10,70000001,71000000,Neutral
chr10,71000001,72000000,Neutral
chr10,72000001,73000000,Neutral
chr10,73000001,74000000,Neutral
chr10,74000001,75000000,Neutral
chr10,75000001,76000000,Neutral
chr10,76000001,77000000,Neutral
chr10,77000001,78000000,Neutral
chr10,78000001,79000000,Neutral
chr10,79000001,80000000,Neutral
chr10,80000001,81000000,Neutral
chr10,81000001,82000000,NA
chr10,82000001,83000000,Neutral
chr10,83000001,84000000,Neutral
chr10,84000001,85000000,Neutral
chr10,85000001,86000000,Neutral
chr10,86000001,87000000,Neutral
chr10,87000001,88000000,Neutral
chr10,88000001,89000000,Neutral
chr10,89000001,90000000,NA
chr10,90000001,91000000,Neutral
chr10,91000001,92000000,Neutral
chr10,92000001,93000000,Neutral
chr10,93000001,94000000,Neutral
chr10,94000001,95000000,Neutral
chr10,95000001,96000000,Neutral
chr10,96000001,97000000,Neutral
chr10,97000001,98000000,Neutral
chr10,98000001,99000000,Neutral
chr10,99000001,100000000,Neutral
chr10,100000001,101000000,Neutral
chr10,101000001,102000000,Neutral
chr10,102000001,103000000,Neutral
chr10,103000001,104000000,Neutral
chr10,104000001,105000000,Neutral
chr10,105000001,106000000,Neutral
chr10,106000001,107000000,Neutral
chr10,107000001,108000000,Neutral
chr10,108000001,109000000,Neutral
chr10,109000001,110000000,Neutral
chr10,110000001,111000000,Neutral
chr10,111000001,112000000,Neutral
chr10,112000001,113000000,Neutral
chr10,113000001,114000000,Neutral
chr10,114000001,115000000,Neutral
chr10,115000001,116000000,Neutral
chr10,116000001,117000000,NA
chr10,117000001,118000000,Neutral
chr10,118000001,119000000,Neutral
chr10,119000001,120000000,Neutral
chr10,120000001,121000000,Neutral
chr10,121000001,122000000,Neutral
chr10,122000001,123000000,Neutral
chr10,123000001,124000000,Neutral
chr10,124000001,125000000,Neutral
chr10,125000001,126000000,NA
chr10,126000001,127000000,Neutral
chr10,127000001,128000000,Neutral
chr10,129000001,130000000,Neutral
chr10,130000001,131000000,Neutral
chr10,131000001,132000000,Neutral
chr10,132000001,133000000,Neutral
chr10,134000001,135000000,Neutral
chr11,1000001,2000000,NA
chr11,2000001,3000000,Neutral
chr11,3000001,4000000,NA
chr11,4000001,5000000,NA
chr11,5000001,6000000,Neutral
chr11,6000001,7000000,Neutral
chr11,7000001,8000000,Neutral
chr11,8000001,9000000,Neutral
chr11,9000001,10000000,Neutral
chr11,10000001,11000000,Neutral
chr11,11000001,12000000,Neutral
chr11,12000001,13000000,Neutral
chr11,13000001,14000000,Neutral
chr11,14000001,15000000,Neutral
chr11,15000001,16000000,Neutral
chr11,16000001,17000000,Neutral
chr11,17000001,18000000,Neutral
chr11,18000001,19000000,Neutral
chr11,19000001,20000000,Neutral
chr11,20000001,21000000,Neutral
chr11,21000001,22000000,Neutral
chr11,22000001,23000000,Neutral
chr11,23000001,24000000,Neutral
chr11,24000001,25000000,Neutral
chr11,25000001,26000000,Neutral
chr11,26000001,27000000,Neutral
chr11,27000001,28000000,Neutral
chr11,28000001,29000000,Neutral
chr11,29000001,30000000,Neutral
chr11,30000001,31000000,Neutral
chr11,31000001,32000000,Neutral
chr11,32000001,33000000,Neutral
chr11,33000001,34000000,Neutral
chr11,34000001,35000000,Neutral
chr11,35000001,36000000,Neutral
chr11,36000001,37000000,Neutral
chr11,37000001,38000000,Neutral
chr11,38000001,39000000,Neutral
chr11,39000001,40000000,Neutral
chr11,40000001,41000000,Neutral
chr11,41000001,42000000,Neutral
chr11,42000001,43000000,Neutral
chr11,43000001,44000000,Neutral
chr11,44000001,45000000,Neutral
chr11,45000001,46000000,Neutral
chr11,46000001,47000000,Neutral
chr11,47000001,48000000,Neutral
chr11,49000001,50000000,NA
chr11,55000001,56000000,Neutral
chr11,56000001,57000000,Neutral
chr11,57000001,58000000,Neutral
chr11,58000001,59000000,Neutral
chr11,59000001,60000000,Neutral
chr11,60000001,61000000,Neutral
chr11,61000001,62000000,Neutral
chr11,62000001,63000000,Neutral
chr11,63000001,64000000,Neutral
chr11,64000001,65000000,NA
chr11,65000001,66000000,NA
chr11,66000001,67000000,Neutral
chr11,67000001,68000000,NA
chr11,68000001,69000000,Neutral
chr11,70000001,71000000,Neutral
chr11,71000001,72000000,NA
chr11,72000001,73000000,Neutral
chr11,73000001,74000000,Neutral
chr11,74000001,75000000,Neutral
chr11,75000001,76000000,Neutral
chr11,76000001,77000000,Neutral
chr11,77000001,78000000,Neutral
chr11,78000001,79000000,Neutral
chr11,79000001,80000000,Neutral
chr11,80000001,81000000,Neutral
chr11,81000001,82000000,Neutral
chr11,82000001,83000000,Neutral
chr11,83000001,84000000,Neutral
chr11,84000001,85000000,Neutral
chr11,85000001,86000000,Neutral
chr11,86000001,87000000,Neutral
chr11,87000001,88000000,NA
chr11,88000001,89000000,Neutral
chr11,90000001,91000000,Neutral
chr11,91000001,92000000,Neutral
chr11,92000001,93000000,Neutral
chr11,93000001,94000000,Neutral
chr11,94000001,95000000,Neutral
chr11,95000001,96000000,Neutral
chr11,97000001,98000000,Neutral
chr11,98000001,99000000,Neutral
chr11,99000001,100000000,Neutral
chr11,100000001,101000000,Neutral
chr11,101000001,102000000,Neutral
chr11,102000001,103000000,Neutral
chr11,103000001,104000000,Neutral
chr11,104000001,105000000,Neutral
chr11,105000001,106000000,Neutral
chr11,106000001,107000000,Neutral
chr11,107000001,108000000,Neutral
chr11,108000001,109000000,Neutral
chr11,109000001,110000000,Neutral
chr11,110000001,111000000,Neutral
chr11,111000001,112000000,Neutral
chr11,112000001,113000000,Neutral
chr11,113000001,114000000,Neutral
chr11,114000001,115000000,Neutral
chr11,115000001,116000000,Neutral
chr11,116000001,117000000,Neutral
chr11,117000001,118000000,Neutral
chr11,118000001,119000000,Neutral
chr11,119000001,120000000,Neutral
chr11,120000001,121000000,Neutral
chr11,121000001,122000000,Neutral
chr11,122000001,123000000,Neutral
chr11,123000001,124000000,Neutral
chr11,124000001,125000000,Neutral
chr11,125000001,126000000,Neutral
chr11,126000001,127000000,Neutral
chr11,127000001,128000000,Neutral
chr11,128000001,129000000,Neutral
chr11,129000001,130000000,Neutral
chr11,130000001,131000000,Neutral
chr11,131000001,132000000,Neutral
chr11,132000001,133000000,Neutral
chr11,133000001,134000000,Neutral
chr11,134000001,135000000,NA
chr12,1000001,2000000,Loss
chr12,2000001,3000000,Loss
chr12,3000001,4000000,Loss
chr12,4000001,5000000,Loss
chr12,5000001,6000000,Loss
chr12,6000001,7000000,NA
chr12,7000001,8000000,NA
chr12,8000001,9000000,NA
chr12,9000001,10000000,NA
chr12,10000001,11000000,Loss
chr12,11000001,12000000,Loss
chr12,12000001,13000000,Loss
chr12,13000001,14000000,Loss
chr12,14000001,15000000,Loss
chr12,15000001,16000000,Loss
chr12,16000001,17000000,Loss
chr12,17000001,18000000,Loss
chr12,18000001,19000000,Loss
chr12,19000001,20000000,Loss
chr12,20000001,21000000,Loss
chr12,21000001,22000000,Loss
chr12,22000001,23000000,Loss
chr12,23000001,24000000,Loss
chr12,24000001,25000000,Loss
chr12,25000001,26000000,Loss
chr12,26000001,27000000,Loss
chr12,27000001,28000000,Loss
chr12,28000001,29000000,Loss
chr12,29000001,30000000,Loss
chr12,30000001,31000000,Loss
chr12,31000001,32000000,Loss
chr12,32000001,33000000,Neutral
chr12,33000001,34000000,Neutral
chr12,39000001,40000000,Neutral
chr12,40000001,41000000,Neutral
chr12,41000001,42000000,Neutral
chr12,42000001,43000000,Neutral
chr12,43000001,44000000,Neutral
chr12,44000001,45000000,Neutral
chr12,45000001,46000000,Neutral
chr12,46000001,47000000,Neutral
chr12,47000001,48000000,Neutral
chr12,48000001,49000000,Neutral
chr12,49000001,50000000,Neutral
chr12,50000001,51000000,Neutral
chr12,51000001,52000000,Neutral
chr12,52000001,53000000,Neutral
chr12,53000001,54000000,Neutral
chr12,54000001,55000000,Neutral
chr12,55000001,56000000,NA
chr12,56000001,57000000,Neutral
chr12,57000001,58000000,Neutral
chr12,58000001,59000000,Neutral
chr12,59000001,60000000,Neutral
chr12,60000001,61000000,Neutral
chr12,61000001,62000000,Neutral
chr12,62000001,63000000,Neutral
chr12,63000001,64000000,Neutral
chr12,64000001,65000000,Neutral
chr12,65000001,66000000,Neutral
chr12,66000001,67000000,Neutral
chr12,67000001,68000000,Neutral
chr12,68000001,69000000,Neutral
chr12,69000001,70000000,Neutral
chr12,70000001,71000000,Neutral
chr12,71000001,72000000,Neutral
chr12,72000001,73000000,Neutral
chr12,73000001,74000000,Neutral
chr12,74000001,75000000,Neutral
chr12,75000001,76000000,Neutral
chr12,76000001,77000000,Neutral
chr12,77000001,78000000,Neutral
chr12,78000001,79000000,Neutral
chr12,79000001,80000000,Neutral
chr12,80000001,81000000,Neutral
chr12,81000001,82000000,Neutral
chr12,82000001,83000000,Neutral
chr12,83000001,84000000,Neutral
chr12,84000001,85000000,Neutral
chr12,85000001,86000000,Neutral
chr12,86000001,87000000,Neutral
chr12,87000001,88000000,Neutral
chr12,88000001,89000000,Neutral
chr12,89000001,90000000,Neutral
chr12,90000001,91000000,Neutral
chr12,91000001,92000000,Neutral
chr12,92000001,93000000,Neutral
chr12,93000001,94000000,Neutral
chr12,94000001,95000000,Neutral
chr12,95000001,96000000,Neutral
chr12,96000001,97000000,Neutral
chr12,97000001,98000000,Neutral
chr12,98000001,99000000,Neutral
chr12,99000001,100000000,NA
chr12,100000001,101000000,Neutral
chr12,101000001,102000000,Neutral
chr12,102000001,103000000,Neutral
chr12,103000001,104000000,Neutral
chr12,104000001,105000000,Neutral
chr12,105000001,106000000,Neutral
chr12,106000001,107000000,Neutral
chr12,107000001,108000000,Neutral
chr12,108000001,109000000,Neutral
chr12,109000001,110000000,NA
chr12,110000001,111000000,Neutral
chr12,111000001,112000000,Neutral
chr12,112000001,113000000,Neutral
chr12,113000001,114000000,Neutral
chr12,114000001,115000000,Neutral
chr12,115000001,116000000,Neutral
chr12,116000001,117000000,Neutral
chr12,117000001,118000000,Neutral
chr12,118000001,119000000,Neutral
chr12,119000001,120000000,Neutral
chr12,120000001,121000000,Neutral
chr12,121000001,122000000,NA
chr12,122000001,123000000,NA
chr12,123000001,124000000,NA
chr12,124000001,125000000,Neutral
chr12,125000001,126000000,Neutral
chr12,126000001,127000000,Neutral
chr12,127000001,128000000,Neutral
chr12,128000001,129000000,Neutral
chr12,129000001,130000000,Neutral
chr12,130000001,131000000,Neutral
chr12,131000001,132000000,Neutral
chr13,21000001,22000000,Gain
chr13,22000001,23000000,Loss
chr13,23000001,24000000,Loss
chr13,24000001,25000000,Loss
chr13,25000001,26000000,Loss
chr13,26000001,27000000,Loss
chr13,27000001,28000000,Loss
chr13,28000001,29000000,Loss
chr13,29000001,30000000,Loss
chr13,30000001,31000000,Loss
chr13,31000001,32000000,Loss
chr13,32000001,33000000,Loss
chr13,33000001,34000000,Neutral
chr13,34000001,35000000,Neutral
chr13,35000001,36000000,Neutral
chr13,36000001,37000000,Neutral
chr13,37000001,38000000,Neutral
chr13,38000001,39000000,Neutral
chr13,39000001,40000000,Neutral
chr13,40000001,41000000,Neutral
chr13,43000001,44000000,Neutral
chr13,44000001,45000000,Neutral
chr13,45000001,46000000,Neutral
chr13,46000001,47000000,Neutral
chr13,47000001,48000000,Neutral
chr13,49000001,50000000,Neutral
chr13,50000001,51000000,Neutral
chr13,54000001,55000000,Neutral
chr13,55000001,56000000,Neutral
chr13,56000001,57000000,Neutral
chr13,57000001,58000000,Neutral
chr13,58000001,59000000,Neutral
chr13,59000001,60000000,Neutral
chr13,60000001,61000000,Neutral
chr13,61000001,62000000,Neutral
chr13,62000001,63000000,Neutral
chr13,63000001,64000000,NA
chr13,64000001,65000000,Neutral
chr13,65000001,66000000,Neutral
chr13,66000001,67000000,Neutral
chr13,67000001,68000000,Neutral
chr13,68000001,69000000,Neutral
chr13,69000001,70000000,NA
chr13,70000001,71000000,Neutral
chr13,71000001,72000000,Neutral
chr13,72000001,73000000,Neutral
chr13,73000001,74000000,Neutral
chr13,74000001,75000000,Neutral
chr13,75000001,76000000,Neutral
chr13,76000001,77000000,Neutral
chr13,77000001,78000000,Neutral
chr13,78000001,79000000,Neutral
chr13,79000001,80000000,Neutral
chr13,80000001,81000000,Neutral
chr13,81000001,82000000,Neutral
chr13,82000001,83000000,Neutral
chr13,83000001,84000000,Neutral
chr13,84000001,85000000,Neutral
chr13,85000001,86000000,Neutral
chr13,87000001,88000000,Neutral
chr13,88000001,89000000,Neutral
chr13,89000001,90000000,Neutral
chr13,90000001,91000000,Neutral
chr13,91000001,92000000,Neutral
chr13,92000001,93000000,Neutral
chr13,93000001,94000000,Neutral
chr13,94000001,95000000,Neutral
chr13,95000001,96000000,Neutral
chr13,96000001,97000000,Neutral
chr13,98000001,99000000,Neutral
chr13,99000001,100000000,Neutral
chr13,100000001,101000000,Neutral
chr13,101000001,102000000,Neutral
chr13,102000001,103000000,Neutral
chr13,103000001,104000000,Neutral
chr13,104000001,105000000,Neutral
chr13,105000001,106000000,Neutral
chr13,106000001,107000000,Neutral
chr13,107000001,108000000,Neutral
chr13,108000001,109000000,Neutral
chr13,109000001,110000000,Neutral
chr13,110000001,111000000,Neutral
chr13,111000001,112000000,Neutral
chr14,21000001,22000000,Loss
chr14,23000001,24000000,Loss
chr14,24000001,25000000,NA
chr14,25000001,26000000,Loss
chr14,26000001,27000000,Loss
chr14,27000001,28000000,Loss
chr14,28000001,29000000,Loss
chr14,29000001,30000000,Loss
chr14,30000001,31000000,Loss
chr14,31000001,32000000,Loss
chr14,32000001,33000000,Loss
chr14,33000001,34000000,Loss
chr14,34000001,35000000,Loss
chr14,35000001,36000000,Loss
chr14,36000001,37000000,Loss
chr14,37000001,38000000,Loss
chr14,38000001,39000000,Loss
chr14,39000001,40000000,Loss
chr14,40000001,41000000,Loss
chr14,41000001,42000000,Loss
chr14,42000001,43000000,Loss
chr14,43000001,44000000,Loss
chr14,44000001,45000000,Loss
chr14,45000001,46000000,Loss
chr14,46000001,47000000,Loss
chr14,47000001,48000000,Loss
chr14,48000001,49000000,Loss
chr14,49000001,50000000,Loss
chr14,50000001,51000000,Loss
chr14,51000001,52000000,Loss
chr14,52000001,53000000,Loss
chr14,53000001,54000000,Loss
chr14,54000001,55000000,Loss
chr14,55000001,56000000,Loss
chr14,56000001,57000000,Loss
chr14,57000001,58000000,Loss
chr14,58000001,59000000,Loss
chr14,59000001,60000000,Loss
chr14,60000001,61000000,Loss
chr14,61000001,62000000,Loss
chr14,62000001,63000000,Loss
chr14,63000001,64000000,Loss
chr14,64000001,65000000,Loss
chr14,65000001,66000000,Loss
chr14,66000001,67000000,Loss
chr14,67000001,68000000,Loss
chr14,68000001,69000000,Loss
chr14,69000001,70000000,Loss
chr14,70000001,71000000,Loss
chr14,71000001,72000000,Loss
chr14,72000001,73000000,Loss
chr14,73000001,74000000,Loss
chr14,74000001,75000000,Loss
chr14,75000001,76000000,Loss
chr14,76000001,77000000,Loss
chr14,77000001,78000000,Loss
chr14,78000001,79000000,Loss
chr14,79000001,80000000,Loss
chr14,80000001,81000000,Loss
chr14,81000001,82000000,Loss
chr14,82000001,83000000,Loss
chr14,83000001,84000000,Loss
chr14,84000001,85000000,Loss
chr14,85000001,86000000,Loss
chr14,86000001,87000000,Loss
chr14,87000001,88000000,Loss
chr14,88000001,89000000,Loss
chr14,89000001,90000000,Loss
chr14,90000001,91000000,Loss
chr14,91000001,92000000,Loss
chr14,92000001,93000000,Loss
chr14,93000001,94000000,Loss
chr14,94000001,95000000,Loss
chr14,95000001,96000000,Loss
chr14,96000001,97000000,Loss
chr14,97000001,98000000,Loss
chr14,98000001,99000000,Loss
chr14,99000001,100000000,Loss
chr14,100000001,101000000,Loss
chr14,101000001,102000000,Loss
chr14,102000001,103000000,Loss
chr14,103000001,104000000,Loss
chr14,104000001,105000000,Loss
chr14,105000001,106000000,NA
chr15,24000001,25000000,NA
chr15,25000001,26000000,Loss
chr15,26000001,27000000,Loss
chr15,27000001,28000000,NA
chr15,29000001,30000000,NA
chr15,31000001,32000000,Loss
chr15,33000001,34000000,Loss
chr15,34000001,35000000,Loss
chr15,35000001,36000000,Loss
chr15,36000001,37000000,Loss
chr15,37000001,38000000,Loss
chr15,38000001,39000000,Loss
chr15,39000001,40000000,Loss
chr15,40000001,41000000,Loss
chr15,41000001,42000000,Loss
chr15,42000001,43000000,Loss
chr15,43000001,44000000,Loss
chr15,44000001,45000000,Loss
chr15,45000001,46000000,Loss
chr15,46000001,47000000,Loss
chr15,47000001,48000000,Loss
chr15,48000001,49000000,Loss
chr15,49000001,50000000,Loss
chr15,50000001,51000000,Loss
chr15,51000001,52000000,Loss
chr15,52000001,53000000,Loss
chr15,53000001,54000000,Loss
chr15,54000001,55000000,Loss
chr15,55000001,56000000,Loss
chr15,56000001,57000000,Loss
chr15,57000001,58000000,Loss
chr15,58000001,59000000,Loss
chr15,59000001,60000000,Loss
chr15,60000001,61000000,Loss
chr15,61000001,62000000,Loss
chr15,62000001,63000000,Loss
chr15,63000001,64000000,Loss
chr15,64000001,65000000,Loss
chr15,65000001,66000000,Loss
chr15,66000001,67000000,Loss
chr15,67000001,68000000,Loss
chr15,68000001,69000000,Loss
chr15,69000001,70000000,Loss
chr15,70000001,71000000,Loss
chr15,71000001,72000000,Loss
chr15,72000001,73000000,Loss
chr15,73000001,74000000,Loss
chr15,74000001,75000000,Loss
chr15,75000001,76000000,Loss
chr15,76000001,77000000,Loss
chr15,77000001,78000000,Loss
chr15,78000001,79000000,Loss
chr15,79000001,80000000,Loss
chr15,80000001,81000000,Loss
chr15,81000001,82000000,Loss
chr15,86000001,87000000,Loss
chr15,87000001,88000000,Loss
chr15,88000001,89000000,Loss
chr15,89000001,90000000,Loss
chr15,90000001,91000000,Loss
chr15,91000001,92000000,Loss
chr15,92000001,93000000,Loss
chr15,93000001,94000000,Loss
chr15,94000001,95000000,Loss
chr15,95000001,96000000,Loss
chr15,96000001,97000000,Loss
chr15,97000001,98000000,Loss
chr15,98000001,99000000,Loss
chr15,99000001,100000000,Loss
chr15,100000001,101000000,Loss
chr15,101000001,102000000,Loss
chr16,1,1000000,NA
chr16,1000001,2000000,NA
chr16,2000001,3000000,Gain
chr16,3000001,4000000,Gain
chr16,4000001,5000000,Gain
chr16,5000001,6000000,Gain
chr16,6000001,7000000,NA
chr16,7000001,8000000,NA
chr16,8000001,9000000,NA
chr16,9000001,10000000,Gain
chr16,10000001,11000000,NA
chr16,11000001,12000000,Gain
chr16,12000001,13000000,Gain
chr16,13000001,14000000,NA
chr16,14000001,15000000,NA
chr16,17000001,18000000,NA
chr16,19000001,20000000,Gain
chr16,20000001,21000000,NA
chr16,22000001,23000000,NA
chr16,23000001,24000000,Gain
chr16,24000001,25000000,NA
chr16,25000001,26000000,NA
chr16,26000001,27000000,NA
chr16,27000001,28000000,Gain
chr16,30000001,31000000,NA
chr16,31000001,32000000,Gain
chr16,47000001,48000000,Gain
chr16,48000001,49000000,Gain
chr16,49000001,50000000,Gain
chr16,50000001,51000000,Gain
chr16,51000001,52000000,Gain
chr16,52000001,53000000,Gain
chr16,53000001,54000000,Neutral
chr16,54000001,55000000,Neutral
chr16,55000001,56000000,Neutral
chr16,56000001,57000000,Neutral
chr16,57000001,58000000,Neutral
chr16,58000001,59000000,Neutral
chr16,59000001,60000000,Neutral
chr16,60000001,61000000,Neutral
chr16,61000001,62000000,Neutral
chr16,62000001,63000000,Neutral
chr16,63000001,64000000,Neutral
chr16,64000001,65000000,Neutral
chr16,65000001,66000000,Neutral
chr16,66000001,67000000,Neutral
chr16,67000001,68000000,NA
chr16,68000001,69000000,Neutral
chr16,69000001,70000000,Neutral
chr16,70000001,71000000,NA
chr16,71000001,72000000,NA
chr16,72000001,73000000,Neutral
chr16,73000001,74000000,Neutral
chr16,74000001,75000000,Neutral
chr16,75000001,76000000,Neutral
chr16,76000001,77000000,Neutral
chr16,77000001,78000000,Neutral
chr16,78000001,79000000,Neutral
chr16,79000001,80000000,Neutral
chr16,80000001,81000000,Neutral
chr16,81000001,82000000,Neutral
chr16,82000001,83000000,Neutral
chr16,83000001,84000000,Neutral
chr16,84000001,85000000,Neutral
chr16,85000001,86000000,Neutral
chr16,86000001,87000000,Neutral
chr16,87000001,88000000,Neutral
chr16,88000001,89000000,NA
chr16,89000001,90000000,Neutral
chr17,1000001,2000000,Loss
chr17,2000001,3000000,Loss
chr17,3000001,4000000,Loss
chr17,4000001,5000000,Loss
chr17,5000001,6000000,Loss
chr17,6000001,7000000,Loss
chr17,7000001,8000000,NA
chr17,8000001,9000000,Loss
chr17,9000001,10000000,Loss
chr17,10000001,11000000,Loss
chr17,11000001,12000000,Loss
chr17,12000001,13000000,Loss
chr17,13000001,14000000,Loss
chr17,14000001,15000000,Loss
chr17,15000001,16000000,NA
chr17,16000001,17000000,NA
chr17,17000001,18000000,Loss
chr17,20000001,21000000,NA
chr17,26000001,27000000,Gain
chr17,27000001,28000000,Gain
chr17,28000001,29000000,Gain
chr17,29000001,30000000,Gain
chr17,30000001,31000000,NA
chr17,31000001,32000000,NA
chr17,32000001,33000000,NA
chr17,33000001,34000000,NA
chr17,35000001,36000000,NA
chr17,37000001,38000000,Gain
chr17,38000001,39000000,Gain
chr17,39000001,40000000,Gain
chr17,40000001,41000000,Gain
chr17,41000001,42000000,Gain
chr17,42000001,43000000,Gain
chr17,46000001,47000000,NA
chr17,47000001,48000000,Gain
chr17,49000001,50000000,NA
chr17,50000001,51000000,Gain
chr17,51000001,52000000,Gain
chr17,52000001,53000000,Gain
chr17,53000001,54000000,NA
chr17,54000001,55000000,NA
chr17,55000001,56000000,Gain
chr17,56000001,57000000,Gain
chr17,57000001,58000000,Gain
chr17,58000001,59000000,Gain
chr17,59000001,60000000,NA
chr17,60000001,61000000,NA
chr17,61000001,62000000,NA
chr17,62000001,63000000,NA
chr17,63000001,64000000,NA
chr17,64000001,65000000,NA
chr17,65000001,66000000,NA
chr17,66000001,67000000,Gain
chr17,67000001,68000000,NA
chr17,68000001,69000000,Gain
chr17,69000001,70000000,Gain
chr17,70000001,71000000,Gain
chr17,71000001,72000000,Gain
chr17,72000001,73000000,Gain
chr17,73000001,74000000,Gain
chr17,74000001,75000000,Gain
chr17,75000001,76000000,Gain
chr17,76000001,77000000,Gain
chr17,77000001,78000000,NA
chr17,78000001,79000000,Gain
chr17,79000001,80000000,NA
chr17,80000001,81000000,Gain
chr18,1000001,2000000,Loss
chr18,2000001,3000000,Loss
chr18,3000001,4000000,Loss
chr18,4000001,5000000,Loss
chr18,5000001,6000000,Loss
chr18,6000001,7000000,Loss
chr18,7000001,8000000,Loss
chr18,8000001,9000000,Loss
chr18,9000001,10000000,Loss
chr18,10000001,11000000,Loss
chr18,11000001,12000000,Loss
chr18,12000001,13000000,Loss
chr18,13000001,14000000,Loss
chr18,19000001,20000000,Neutral
chr18,20000001,21000000,Neutral
chr18,21000001,22000000,Neutral
chr18,22000001,23000000,Neutral
chr18,23000001,24000000,Neutral
chr18,24000001,25000000,Neutral
chr18,25000001,26000000,Neutral
chr18,26000001,27000000,Neutral
chr18,27000001,28000000,Neutral
chr18,28000001,29000000,Neutral
chr18,29000001,30000000,Neutral
chr18,30000001,31000000,Neutral
chr18,31000001,32000000,Neutral
chr18,32000001,33000000,Neutral
chr18,33000001,34000000,Neutral
chr18,34000001,35000000,Neutral
chr18,35000001,36000000,Neutral
chr18,36000001,37000000,Neutral
chr18,37000001,38000000,Neutral
chr18,38000001,39000000,Neutral
chr18,39000001,40000000,Neutral
chr18,40000001,41000000,Neutral
chr18,41000001,42000000,Neutral
chr18,42000001,43000000,Neutral
chr18,43000001,44000000,Neutral
chr18,44000001,45000000,Neutral
chr18,45000001,46000000,Neutral
chr18,46000001,47000000,Neutral
chr18,47000001,48000000,Neutral
chr18,48000001,49000000,Neutral
chr18,49000001,50000000,Neutral
chr18,50000001,51000000,Neutral
chr18,51000001,52000000,Neutral
chr18,53000001,54000000,Neutral
chr18,54000001,55000000,Neutral
chr18,55000001,56000000,Neutral
chr18,56000001,57000000,Neutral
chr18,57000001,58000000,Neutral
chr18,58000001,59000000,Neutral
chr18,59000001,60000000,Neutral
chr18,60000001,61000000,Neutral
chr18,61000001,62000000,Neutral
chr18,62000001,63000000,Neutral
chr18,63000001,64000000,Neutral
chr18,64000001,65000000,Neutral
chr18,65000001,66000000,Gain
chr18,66000001,67000000,Gain
chr18,67000001,68000000,Gain
chr18,68000001,69000000,Gain
chr18,69000001,70000000,Gain
chr18,70000001,71000000,Gain
chr18,71000001,72000000,Gain
chr18,72000001,73000000,NA
chr18,73000001,74000000,Gain
chr18,74000001,75000000,Gain
chr18,75000001,76000000,NA
chr18,76000001,77000000,Gain
chr19,1000001,2000000,NA
chr19,2000001,3000000,Loss
chr19,3000001,4000000,Loss
chr19,4000001,5000000,NA
chr19,5000001,6000000,Loss
chr19,6000001,7000000,Loss
chr19,7000001,8000000,NA
chr19,8000001,9000000,NA
chr19,9000001,10000000,Loss
chr19,10000001,11000000,NA
chr19,11000001,12000000,NA
chr19,12000001,13000000,NA
chr19,13000001,14000000,NA
chr19,14000001,15000000,NA
chr19,15000001,16000000,Loss
chr19,16000001,17000000,NA
chr19,17000001,18000000,NA
chr19,18000001,19000000,Loss
chr19,19000001,20000000,NA
chr19,20000001,21000000,NA
chr19,21000001,22000000,Loss
chr19,22000001,23000000,Loss
chr19,23000001,24000000,Loss
chr19,28000001,29000000,Loss
chr19,29000001,30000000,Loss
chr19,30000001,31000000,Loss
chr19,31000001,32000000,Loss
chr19,32000001,33000000,Loss
chr19,33000001,34000000,Loss
chr19,34000001,35000000,Loss
chr19,35000001,36000000,Loss
chr19,36000001,37000000,NA
chr19,37000001,38000000,Loss
chr19,38000001,39000000,Loss
chr19,39000001,40000000,NA
chr19,40000001,41000000,Loss
chr19,41000001,42000000,NA
chr19,42000001,43000000,NA
chr19,43000001,44000000,NA
chr19,44000001,45000000,Loss
chr19,45000001,46000000,NA
chr19,46000001,47000000,Loss
chr19,47000001,48000000,Loss
chr19,48000001,49000000,Loss
chr19,49000001,50000000,NA
chr19,50000001,51000000,NA
chr19,51000001,52000000,Loss
chr19,52000001,53000000,Loss
chr19,53000001,54000000,Loss
chr19,54000001,55000000,Loss
chr19,55000001,56000000,Loss
chr19,56000001,57000000,Loss
chr19,57000001,58000000,Loss
chr19,58000001,59000000,NA
chr20,1,1000000,NA
chr20,1000001,2000000,Gain
chr20,2000001,3000000,Gain
chr20,3000001,4000000,Gain
chr20,4000001,5000000,Gain
chr20,5000001,6000000,Gain
chr20,6000001,7000000,Gain
chr20,7000001,8000000,Gain
chr20,8000001,9000000,Gain
chr20,9000001,10000000,Gain
chr20,10000001,11000000,Gain
chr20,11000001,12000000,Gain
chr20,12000001,13000000,Gain
chr20,13000001,14000000,Gain
chr20,14000001,15000000,Gain
chr20,15000001,16000000,Gain
chr20,16000001,17000000,Gain
chr20,17000001,18000000,Gain
chr20,18000001,19000000,Gain
chr20,19000001,20000000,Gain
chr20,20000001,21000000,Gain
chr20,21000001,22000000,Gain
chr20,22000001,23000000,Gain
chr20,23000001,24000000,Gain
chr20,24000001,25000000,Gain
chr20,30000001,31000000,Gain
chr20,31000001,32000000,Gain
chr20,32000001,33000000,Gain
chr20,33000001,34000000,Gain
chr20,34000001,35000000,NA
chr20,35000001,36000000,Gain
chr20,36000001,37000000,Gain
chr20,37000001,38000000,Gain
chr20,38000001,39000000,Gain
chr20,39000001,40000000,Gain
chr20,40000001,41000000,Gain
chr20,41000001,42000000,Gain
chr20,42000001,43000000,Gain
chr20,43000001,44000000,Gain
chr20,44000001,45000000,Gain
chr20,45000001,46000000,Gain
chr20,46000001,47000000,Gain
chr20,47000001,48000000,Gain
chr20,48000001,49000000,Gain
chr20,49000001,50000000,Gain
chr20,50000001,51000000,Gain
chr20,51000001,52000000,Gain
chr20,52000001,53000000,Gain
chr20,53000001,54000000,Gain
chr20,54000001,55000000,Gain
chr20,55000001,56000000,Gain
chr20,56000001,57000000,Gain
chr20,57000001,58000000,Gain
chr20,58000001,59000000,Gain
chr20,59000001,60000000,Gain
chr20,60000001,61000000,Gain
chr21,15000001,16000000,NA
chr21,16000001,17000000,Loss
chr21,17000001,18000000,Loss
chr21,18000001,19000000,Loss
chr21,19000001,20000000,Loss
chr21,20000001,21000000,Loss
chr21,21000001,22000000,Loss
chr21,22000001,23000000,Loss
chr21,23000001,24000000,Loss
chr21,24000001,25000000,Loss
chr21,25000001,26000000,Loss
chr21,26000001,27000000,Loss
chr21,27000001,28000000,Loss
chr21,28000001,29000000,Loss
chr21,29000001,30000000,Loss
chr21,30000001,31000000,Loss
chr21,31000001,32000000,Loss
chr21,32000001,33000000,Loss
chr21,33000001,34000000,NA
chr21,34000001,35000000,Neutral
chr21,35000001,36000000,Neutral
chr21,36000001,37000000,Neutral
chr21,37000001,38000000,Neutral
chr21,38000001,39000000,Neutral
chr21,39000001,40000000,Neutral
chr21,40000001,41000000,NA
chr21,41000001,42000000,Neutral
chr21,42000001,43000000,NA
chr21,43000001,44000000,NA
chr21,44000001,45000000,NA
chr21,45000001,46000000,Neutral
chr21,46000001,47000000,NA
chr21,47000001,48000000,Neutral
chr22,17000001,18000000,NA
chr22,19000001,20000000,NA
chr22,24000001,25000000,Loss
chr22,25000001,26000000,Loss
chr22,26000001,27000000,Loss
chr22,27000001,28000000,Loss
chr22,28000001,29000000,Loss
chr22,29000001,30000000,Loss
chr22,30000001,31000000,Loss
chr22,31000001,32000000,Loss
chr22,32000001,33000000,Loss
chr22,33000001,34000000,Loss
chr22,34000001,35000000,Loss
chr22,35000001,36000000,Loss
chr22,36000001,37000000,Loss
chr22,37000001,38000000,Loss
chr22,38000001,39000000,Loss
chr22,39000001,40000000,Loss
chr22,40000001,41000000,Loss
chr22,41000001,42000000,Loss
chr22,42000001,43000000,Loss
chr22,43000001,44000000,Loss
chr22,44000001,45000000,Loss
chr22,45000001,46000000,Loss
chr22,46000001,47000000,Loss
chr22,47000001,48000000,Loss
chr22,48000001,49000000,Loss
chr22,49000001,50000000,Loss
chr22,50000001,51000000,NA
